/*!40101 SET @OLD_CHARACTER_SET_CLIENT=@@CHARACTER_SET_CLIENT */;
/*!40101 SET NAMES utf8 */;
/*!50503 SET NAMES utf8mb4 */;
/*!40014 SET @OLD_FOREIGN_KEY_CHECKS=@@FOREIGN_KEY_CHECKS, FOREIGN_KEY_CHECKS=0 */;
/*!40101 SET @OLD_SQL_MODE=@@SQL_MODE, SQL_MODE='NO_AUTO_VALUE_ON_ZERO' */;

CREATE DATABASE IF NOT EXISTS `spozer` /*!40100 DEFAULT CHARACTER SET utf8 */;
USE `spozer`;

CREATE TABLE IF NOT EXISTS `album` (
  `id` bigint(20) NOT NULL AUTO_INCREMENT,
  `owner` bigint(20) NOT NULL,
  `name` text NOT NULL,
  `type` enum('album','single') DEFAULT 'album',
  `artwork` varchar(32) NOT NULL,
  `released` date DEFAULT current_timestamp(),
  `created_at` timestamp NULL DEFAULT current_timestamp(),
  PRIMARY KEY (`id`),
  KEY `owner` (`owner`),
  FULLTEXT KEY `name` (`name`),
  CONSTRAINT `album_owner` FOREIGN KEY (`owner`) REFERENCES `user` (`id`)
) ENGINE=InnoDB AUTO_INCREMENT=50 DEFAULT CHARSET=utf8;

/*!40000 ALTER TABLE `album` DISABLE KEYS */;
INSERT INTO `album` (`id`, `owner`, `name`, `type`, `artwork`, `released`, `created_at`) VALUES
	(1, 50, 'Tim', 'single', '53176904b1694126b64c86331a419edf', '2019-06-06', '2021-10-04 15:26:58'),
	(2, 38, 'Heaven & Hell', 'album', '21fd2c4b3cc346e8a3158784b4990440', '2020-09-18', '2021-10-04 15:40:08'),
	(3, 38, 'The Remixes', 'album', '0bba5ad647f649978092670394c64095', '2020-03-19', '2021-10-04 17:29:31'),
	(4, 11, 'Eu Te Amo Pinga', 'album', '19600d79f39744c193feeeac21de5a05', '2015-09-25', '2021-10-09 12:30:43'),
	(5, 8, 'Novas Histórias (Ao Vivo)', 'album', '7f0c4d45316d47ba901348aa3db38c45', '2016-03-18', '2021-10-09 12:38:42'),
	(6, 8, 'Ao Vivo Em Palmas', 'album', '507e49c99231488f8769fb974fd8b35e', '2012-11-20', '2021-10-09 12:39:53'),
	(7, 7, 'Pra Ser Tudo Perfeito (Ao Vivo)', 'album', '3fa6c3ded5324db49260f4106e378a72', '2014-05-06', '2021-10-09 12:44:36'),
	(8, 31, 'Afterglow', 'album', 'c7d7d000450d44ddabaa6a590e9adc2e', '2016-10-07', '2021-10-09 12:47:33'),
	(9, 14, 'Random Access Memories', 'album', '7f34755f80f54cd590b3bffc9c16fd9a', '2013-05-17', '2021-10-09 12:51:21'),
	(10, 34, 'Pendulum (40th Anniversary Edition)', 'album', 'b8a06c0a1fea40eebb2e2d1b19f783bc', '2008-09-26', '2021-10-09 12:54:29'),
	(11, 35, 'TOKYO - CITY POP -', 'album', '1dd6c378cabf4bf1baa58b79aa709208', '2021-06-01', '2021-10-09 13:00:33'),
	(12, 22, 'Revigora', 'album', '0778e42fa6554a9e84450248bb728600', '2019-06-04', '2021-10-09 13:03:05'),
	(13, 52, 'In The Cities - Ao Vivo Em Cuiabá', 'album', 'df07b16290034a59b26ed9459478df42', '2014-11-17', '2021-10-09 13:05:06'),
	(14, 53, 'Chance', 'album', '7d401080b1c747d3b589ad9dd280adcf', '2010-06-20', '2021-10-09 13:07:09'),
	(15, 45, 'To Voando Alto', 'album', '3291091171494f528ae2eabeea2f184f', '2019-11-18', '2021-10-09 13:09:38'),
	(16, 33, 'The Chronic', 'album', '01158dea8fb34b52868a829c4971d3bd', '1992-12-15', '2021-10-09 13:17:25'),
	(17, 44, 'Mint', 'album', '88283371d7234d67a03886f3793fd466', '2019-01-18', '2021-10-09 13:20:07'),
	(18, 5, 'All Night (feat. Ally Brooke) (The Remixes)', 'single', 'acaa38d8c84343ceafad06cebcc30881', '2020-04-24', '2021-10-09 13:23:15'),
	(19, 6, 'Blinding Lights (Major Lazer Remix)', 'single', 'd5195c71e57e414883980cbeb64e292b', '2020-04-15', '2021-10-09 13:29:41'),
	(20, 3, 'So Good (feat. Vic Brow)', 'single', 'd1b54263d5cd4a08a900344b3dfbcbf2', '2020-08-30', '2021-10-09 13:33:30'),
	(21, 39, 'Here For Now', 'album', 'acf87c3db500419ba34c9abba74b6b6b', '2020-06-26', '2021-10-09 13:36:10'),
	(22, 18, 'TESTING', 'album', '96b96affd6db45a1843b8adbc27ad114', '2018-05-25', '2021-10-09 13:41:40'),
	(23, 41, 'Inhuman Rampage', 'album', '72662fbefb994a638ade14d0e5c26b51', '2006-05-23', '2021-10-09 13:44:57'),
	(24, 27, 'Heaven Or Hell', 'album', '21a58fbcd1d14a7b89b7932c890a1710', '2020-03-13', '2021-10-09 13:47:40'),
	(25, 46, 'Lemonade (feat. Gunna, Don Toliver & NAV)', 'single', '5ff156fb1cca47729231fda9353b0490', '2020-08-14', '2021-10-09 13:50:22'),
	(26, 28, 'ASTROWORLD', 'album', '0a78e8f887de4f149f6211f384a509d2', '2018-08-03', '2021-10-09 13:52:39'),
	(27, 28, 'Birds In The Trap Sing McKnight', 'album', '4d45f52917014e608069c1509a8cb988', '2016-09-16', '2021-10-09 13:54:36'),
	(28, 43, 'Like I Do', 'single', '9371b45f22314aed9cfc0ac1bfee5a0f', '2018-02-22', '2021-10-09 13:57:19'),
	(29, 57, 'Feel Like I Do', 'single', '54fe7e853c984497bb5475db09c5a07c', '2020-09-25', '2021-10-09 14:01:24'),
	(30, 23, 'Love Me Again', 'single', 'e138964aece7494e90c736f8b7bca210', '2013-07-01', '2021-10-09 14:05:04'),
	(31, 23, 'Tribute', 'album', '16bb4698732c490eb211893da9cfdac5', '2013-10-14', '2021-10-09 14:06:27'),
	(32, 29, 'Woodstock', 'album', '3fb521f0dc7543138ef748f9f9e422c8', '2017-06-16', '2021-10-09 14:10:04'),
	(33, 32, 'Ten', 'album', '8a5a79755c8046c29180869bea6abfb0', '1992-01-14', '2021-10-09 14:11:45'),
	(34, 26, 'Golden Hour', 'album', 'ac43d30468a94a59a9a000fdf5b1739b', '2020-05-29', '2021-10-09 14:16:10'),
	(35, 26, 'Higher Love', 'single', '4624809639294dcea0d1354a72c92efc', '2019-06-28', '2021-10-09 14:19:56'),
	(36, 13, 'Hey Baby (feat. Gia Koka)', 'album', 'e57d2072d8e141c1b2ac24b092b606cf', '2020-08-28', '2021-10-09 14:22:49'),
	(37, 13, 'Roses (Imanbek Remix)', 'single', '8c39725cb7574101823e8e3d2c1ef680', '2019-10-09', '2021-10-09 14:27:19'),
	(38, 12, 'Feels (feat. Pharrell Williams, Katy Perry & Big Sean)', 'single', 'd465d5c413004703bed5181b4c5a38cb', '2017-06-16', '2021-10-09 14:33:02'),
	(39, 30, 'AM', 'album', '7c7405ae0d2c449890efea35298d0629', '2013-09-09', '2021-10-09 14:36:40'),
	(40, 19, 'As Melhores 2018', 'album', 'afaab070fd1c431cbce28bbd4882eec8', '2019-09-26', '2021-10-09 14:39:03'),
	(41, 17, 'Geraes', 'album', '99c18c01caf84b98a5671f60434f706a', '2019-06-15', '2021-10-10 00:30:45'),
	(42, 20, 'Learn to Lose (feat. Alex Clare)', 'single', 'b9b2cd740837471ab310057c00bd7d88', '2019-04-26', '2021-10-10 00:36:05'),
	(43, 67, 'Gangsta\'s Paradise', 'album', '30ef4281e0ad408a9dce2d6df193af3e', '1995-10-31', '2021-10-11 19:35:00'),
	(44, 71, 'LABRINTH, SIA & DIPLO PRESENT... LSD', 'album', '46db75f5c06f4c2299f99c910c458863', '2019-04-12', '2021-10-11 21:25:09'),
	(45, 43, 'Nothing but the Beat', 'album', '2b7e275b5e644eca822bfdf7563eb275', '2012-12-07', '2021-10-11 21:55:54'),
	(46, 68, 'Deep Inside Of Me (feat. MKLA)', 'single', '594246c7fe514cb7bd347d262b028f64', '2020-01-17', '2021-10-11 22:06:32'),
	(47, 47, 'Music Is the Weapon (Reloaded)', 'album', '349f7dac2bfc4226afc4a5fee260ffff', '2021-03-26', '2021-10-11 22:44:56'),
	(48, 72, 'Missing You', 'single', '524a05b8ebeb48be8c84a7610afe4cbc', '2018-09-17', '2021-10-13 18:44:12'),
	(49, 74, 'Takes My Body Higher (feat. Lincoln Jesser)', 'single', '00c18f8398754f55a2afcc113da8d586', '2016-04-29', '2021-10-13 19:03:31');
/*!40000 ALTER TABLE `album` ENABLE KEYS */;

CREATE TABLE IF NOT EXISTS `album_artist` (
  `album` bigint(20) NOT NULL,
  `artist` bigint(20) NOT NULL,
  KEY `album_id` (`album`),
  KEY `artist_id` (`artist`),
  CONSTRAINT `album_id` FOREIGN KEY (`album`) REFERENCES `album` (`id`) ON DELETE CASCADE,
  CONSTRAINT `artist_id` FOREIGN KEY (`artist`) REFERENCES `user` (`id`) ON DELETE CASCADE
) ENGINE=InnoDB DEFAULT CHARSET=utf8;

/*!40000 ALTER TABLE `album_artist` DISABLE KEYS */;
INSERT INTO `album_artist` (`album`, `artist`) VALUES
	(2, 38),
	(3, 38),
	(1, 50),
	(4, 11),
	(5, 8),
	(6, 8),
	(7, 7),
	(8, 31),
	(9, 14),
	(10, 34),
	(11, 35),
	(12, 22),
	(13, 52),
	(14, 53),
	(15, 45),
	(15, 4),
	(16, 33),
	(17, 44),
	(18, 5),
	(18, 25),
	(19, 6),
	(19, 47),
	(20, 3),
	(20, 49),
	(20, 24),
	(20, 42),
	(21, 39),
	(22, 18),
	(23, 41),
	(24, 27),
	(25, 46),
	(25, 16),
	(25, 27),
	(25, 21),
	(26, 28),
	(27, 28),
	(28, 43),
	(28, 40),
	(28, 56),
	(29, 57),
	(30, 23),
	(31, 23),
	(32, 29),
	(33, 32),
	(34, 26),
	(35, 26),
	(35, 36),
	(36, 13),
	(36, 5),
	(36, 51),
	(37, 13),
	(37, 60),
	(38, 12),
	(38, 37),
	(38, 61),
	(38, 62),
	(39, 30),
	(40, 19),
	(41, 17),
	(42, 20),
	(42, 2),
	(43, 67),
	(44, 71),
	(44, 64),
	(44, 65),
	(44, 66),
	(45, 43),
	(46, 68),
	(46, 69),
	(46, 70),
	(47, 47),
	(47, 64),
	(47, 65),
	(48, 72),
	(49, 74),
	(49, 73);
/*!40000 ALTER TABLE `album_artist` ENABLE KEYS */;

CREATE TABLE IF NOT EXISTS `playlist` (
  `id` bigint(20) NOT NULL AUTO_INCREMENT,
  `owner` bigint(20) NOT NULL,
  `name` text DEFAULT NULL,
  `created_at` timestamp NULL DEFAULT current_timestamp(),
  PRIMARY KEY (`id`),
  KEY `onwer_id` (`owner`),
  CONSTRAINT `onwer_id` FOREIGN KEY (`owner`) REFERENCES `user` (`id`) ON DELETE CASCADE
) ENGINE=InnoDB AUTO_INCREMENT=6 DEFAULT CHARSET=utf8;

/*!40000 ALTER TABLE `playlist` DISABLE KEYS */;
INSERT INTO `playlist` (`id`, `owner`, `name`, `created_at`) VALUES
	(3, 1, 'As tops', '2021-10-12 23:50:58'),
	(4, 1, 'Deixos garotu brincá', '2021-10-13 00:03:43'),
	(5, 1, 'One of them', '2021-10-13 16:44:57');
/*!40000 ALTER TABLE `playlist` ENABLE KEYS */;

CREATE TABLE IF NOT EXISTS `playlist_song` (
  `id` bigint(20) NOT NULL AUTO_INCREMENT,
  `playlist` bigint(20) NOT NULL,
  `song` bigint(20) NOT NULL,
  `created_at` timestamp NOT NULL DEFAULT current_timestamp() ON UPDATE current_timestamp(),
  PRIMARY KEY (`id`),
  KEY `playlist_id` (`playlist`),
  KEY `song_id` (`song`),
  CONSTRAINT `playlist_id` FOREIGN KEY (`playlist`) REFERENCES `playlist` (`id`) ON DELETE CASCADE,
  CONSTRAINT `song_id` FOREIGN KEY (`song`) REFERENCES `song` (`id`) ON DELETE CASCADE
) ENGINE=InnoDB AUTO_INCREMENT=23 DEFAULT CHARSET=utf8;

/*!40000 ALTER TABLE `playlist_song` DISABLE KEYS */;
INSERT INTO `playlist_song` (`id`, `playlist`, `song`, `created_at`) VALUES
	(3, 3, 44, '2021-10-12 23:51:08'),
	(4, 3, 28, '2021-10-12 23:51:32'),
	(5, 3, 27, '2021-10-12 23:51:33'),
	(6, 3, 26, '2021-10-12 23:51:42'),
	(7, 3, 25, '2021-10-12 23:51:43'),
	(8, 4, 39, '2021-10-13 00:03:54'),
	(9, 4, 52, '2021-10-13 00:04:14'),
	(10, 4, 29, '2021-10-13 00:04:29'),
	(11, 4, 51, '2021-10-13 00:04:31'),
	(12, 4, 53, '2021-10-13 00:04:44'),
	(13, 5, 26, '2021-10-13 16:45:00'),
	(14, 5, 34, '2021-10-13 16:45:01'),
	(15, 5, 7, '2021-10-13 16:45:03'),
	(16, 5, 27, '2021-10-13 16:45:04'),
	(17, 5, 53, '2021-10-13 16:45:05'),
	(18, 5, 15, '2021-10-13 16:45:06'),
	(19, 5, 10, '2021-10-13 16:45:07'),
	(20, 5, 16, '2021-10-13 16:45:09'),
	(21, 5, 24, '2021-10-13 16:45:10'),
	(22, 5, 32, '2021-10-13 16:45:12');
/*!40000 ALTER TABLE `playlist_song` ENABLE KEYS */;

CREATE TABLE IF NOT EXISTS `song` (
  `id` bigint(20) NOT NULL AUTO_INCREMENT,
  `album` bigint(20) NOT NULL,
  `owner` bigint(20) NOT NULL,
  `name` text DEFAULT NULL,
  `file` varchar(32) DEFAULT NULL,
  `length` smallint(5) unsigned DEFAULT 0,
  `enabled` bit(1) NOT NULL DEFAULT b'1',
  `created_at` timestamp NULL DEFAULT current_timestamp(),
  PRIMARY KEY (`id`),
  KEY `album_id` (`album`) USING BTREE,
  KEY `owner` (`owner`),
  FULLTEXT KEY `name` (`name`),
  CONSTRAINT `album` FOREIGN KEY (`album`) REFERENCES `album` (`id`),
  CONSTRAINT `owner` FOREIGN KEY (`owner`) REFERENCES `user` (`id`)
) ENGINE=InnoDB AUTO_INCREMENT=57 DEFAULT CHARSET=utf8;

/*!40000 ALTER TABLE `song` DISABLE KEYS */;
INSERT INTO `song` (`id`, `album`, `owner`, `name`, `file`, `length`, `enabled`, `created_at`) VALUES
	(1, 1, 50, 'Bad Reputation (feat. Joe Janiak)', '01c9d5d3bccf4942920176e19ff3e024', 206, b'1', '2021-09-19 15:35:52'),
	(2, 2, 38, 'Who\'s Laughing Now', 'c0fe526190164766ab6bfa487591585c', 178, b'1', '2021-10-04 16:33:51'),
	(3, 3, 10, 'Kings & Queens - MOTi Remix', 'ff7c095fc50840ed8115caef801b07c3', 181, b'1', '2021-10-04 17:54:34'),
	(4, 4, 11, 'Tcc (Truco Cerveja e Churrasco)', '251ddff0e2d74a91a5cc50dbcc8e13c8', 167, b'1', '2021-10-09 12:31:37'),
	(5, 6, 8, 'Ta Namorando e Me Querendo (Ao Vivo)', '948340916398404f93b2490704a96321', 170, b'1', '2021-10-09 12:40:42'),
	(6, 5, 8, 'Nada Nada', 'a14e758d83a64606bd569a9ef4c41566', 157, b'1', '2021-10-09 12:41:14'),
	(7, 7, 7, 'Tó Sou Seu', 'a725409c2a734e6a9e97833d9e90f2b1', 166, b'1', '2021-10-09 12:45:08'),
	(8, 8, 31, 'Playing To Lose', '5acb1284d12646fea8c1ad70113b291c', 201, b'1', '2021-10-09 12:49:44'),
	(9, 9, 14, 'Lose Yourself to Dance (feat. Pharrell Williams)', '0d5f300d73f144609a318720354a0383', 350, b'1', '2021-10-09 12:51:47'),
	(10, 10, 34, 'Have You Ever Seen The Rain', '8ed3ccb437c146cd8bec771c36fb5292', 160, b'1', '2021-10-09 12:54:45'),
	(11, 11, 35, 'Telephone Number', '7b764e886c1e4ca5ab7c4a226b927f67', 239, b'1', '2021-10-09 13:01:09'),
	(12, 12, 22, 'Sentimentos De Vaqueiro (Eu Acho Que Não)', '8c01b5fcd1724501adc6c2b1445ce7e6', 161, b'1', '2021-10-09 13:03:24'),
	(13, 13, 52, 'Hoje Eu To Terrível (Ao Vivo)', '594004b850104e5784b2fccf91c676db', 161, b'1', '2021-10-09 13:05:24'),
	(14, 14, 53, 'Vale Nada Vale Tudo', 'ec008e6bf1524f29b259df17882a6a32', 266, b'1', '2021-10-09 13:07:26'),
	(15, 15, 45, 'To Voando Alto', '7e55f6d311734c368c25f12df05b5a29', 134, b'1', '2021-10-09 13:11:58'),
	(16, 16, 33, 'Nuthin\' But A "G" Thang', '89b892cc45ea4e488390a03003f07dbe', 239, b'1', '2021-10-09 13:17:45'),
	(17, 17, 44, 'No Roots', '564d44d6cabe4a90b1e46482e47293df', 236, b'1', '2021-10-09 13:20:23'),
	(18, 17, 44, 'Learn To Live', '4fb31209e9d54cd68021c261aa82a9a0', 236, b'1', '2021-10-09 13:20:49'),
	(19, 18, 5, 'All Night (feat. Ally Brooke) - Festival Mix', 'cda2b56dccae48209f1dd0ac839a1c0b', 232, b'1', '2021-10-09 13:27:29'),
	(20, 19, 6, 'Blinding Lights (Major Lazer Remix)', '5f8d7f347b384890ad48847de578b38a', 196, b'1', '2021-10-09 13:30:42'),
	(21, 20, 3, 'So Good (feat. Vic Brow)', '95a7a0c2d5d54bcca67313d8afd94dce', 172, b'1', '2021-10-09 13:34:26'),
	(22, 21, 39, 'Big Love (with EARTHGANG & MNDR)', '0d37c0457abc47e9a8bbffb1586524eb', 169, b'1', '2021-10-09 13:39:40'),
	(23, 22, 18, 'Praise The Lord (Da Shine) (feat. Skepta)', 'f5dc55e4feea4e1398924ce1945971a4', 207, b'1', '2021-10-09 13:42:02'),
	(24, 23, 41, 'Through The Fire And Flames', '86d731d21462420d8291e95bb9469034', 439, b'1', '2021-10-09 13:45:36'),
	(25, 24, 27, 'No Idea', '0104782574c2450ab0e0795d4e241ad6', 164, b'1', '2021-10-09 13:47:54'),
	(26, 25, 46, 'Lemonade', '935fdcd382ca4c0099890450ac5adf4c', 196, b'1', '2021-10-09 13:50:44'),
	(27, 26, 28, 'SICKO MODE', '62d6b009e74449c49a3c0e04183dbdec', 314, b'1', '2021-10-09 13:53:13'),
	(28, 27, 28, 'goosebumps', 'f09d518a3f114bda94b28e071d8ef1e8', 244, b'1', '2021-10-09 13:54:56'),
	(29, 28, 43, 'Like I Do', '6cd42356c7554467a9550f53ba6f41fb', 203, b'1', '2021-10-09 13:58:05'),
	(30, 29, 57, 'Feel Like I Do', 'e2adb15f306a42028aa7b2e333ec7501', 186, b'1', '2021-10-09 14:01:51'),
	(31, 30, 23, 'Love Me Again', '3a5c44f2970044f48d0878258ae381a6', 218, b'1', '2021-10-09 14:05:26'),
	(32, 31, 23, 'Losing Sleep', 'a43d9535df054cbbb9c05f22ef0c8b0f', 237, b'1', '2021-10-09 14:06:46'),
	(33, 32, 29, 'Feel It Still', '7e38674198fc40229c5c8285f9b4cd6f', 164, b'1', '2021-10-09 14:10:26'),
	(34, 33, 32, 'Black', '4cb557da9c6f444da52119952640a991', 343, b'1', '2021-10-09 14:12:33'),
	(35, 34, 26, 'Someday', '53ae5c8c0378415ca72b3b6d6948b2b7', 223, b'1', '2021-10-09 14:16:33'),
	(36, 35, 26, 'Higher Love', '38e8c4ab2a7a426c867efbc69c0d52b0', 228, b'1', '2021-10-09 14:20:39'),
	(37, 36, 13, 'Hey Baby (feat. Gia Koka)', 'ca698e69c6404fb7890dfb1b10189399', 178, b'1', '2021-10-09 14:23:11'),
	(38, 37, 13, 'Roses (Imanbek Remix)', '3bd36167d05b421a84450b7105eeb204', 178, b'1', '2021-10-09 14:28:09'),
	(39, 38, 12, 'Feels (feat. Pharrell Williams, Katy Perry & Big Sean)', 'a461b716160c414f94908198e0f35946', 223, b'1', '2021-10-09 14:34:13'),
	(40, 39, 30, 'Do I Wanna Know?', 'ca882eae1862495cbbb5c05f708eca61', 266, b'1', '2021-10-09 14:36:51'),
	(41, 40, 19, 'Tá Rocheda', 'fe3e4419c2434223b7797c23c5a71dcb', 205, b'1', '2021-10-09 14:39:19'),
	(42, 41, 17, 'Fazenda', '0143422af4f1410a822043c0c14a2eb9', 154, b'1', '2021-10-10 00:33:01'),
	(43, 42, 20, 'Learn to Lose (feat. Alex Clare)', '5d8e33d05ad6431382ca9bf34166e2cf', 191, b'1', '2021-10-10 00:36:32'),
	(44, 43, 67, 'Gangsta\'s Paradise', 'd49220ea8115407cb73c7e40143d8ed6', 241, b'1', '2021-10-11 19:35:38'),
	(45, 44, 71, 'Genius (feat. Sia, Diplo & Labrinth)', 'c4d701672d08405483307212bb453b29', 213, b'1', '2021-10-11 21:25:46'),
	(46, 44, 71, 'Audio (feat. Sia, Diplo & Labrinth)', 'ab183a2dc1fd49589c5bcc3175363faa', 203, b'1', '2021-10-11 21:26:24'),
	(47, 44, 71, 'Thunderclouds (feat. Sia, Diplo & Labrinth)', '7cb1744f071e4098a23b803ac6d2aac4', 187, b'1', '2021-10-11 21:26:46'),
	(48, 44, 71, 'Mountains (feat. Sia, Diplo & Labrinth)', 'f725d3066a6f4393aaccf3d50f193ba4', 194, b'1', '2021-10-11 21:27:15'),
	(49, 44, 71, 'No New Friends (feat. Sia, Diplo & Labrinth)', 'e3d287c2b5b84d0f8193920dc0a08434', 175, b'1', '2021-10-11 21:27:39'),
	(50, 44, 71, 'Heaven Can Wait (feat. Sia, Diplo & Labrinth)', 'b8114c30c0174878bf69bd45143842f5', 195, b'1', '2021-10-11 21:28:03'),
	(51, 45, 43, 'She Wolf (Falling to Pieces) [feat. Sia]', 'bd4b63c48c1e42578e57938f2f4a98eb', 223, b'1', '2021-10-11 21:56:23'),
	(52, 45, 43, 'Titanium (feat. Sia)', 'a1550fd31861497588235912212d4297', 245, b'1', '2021-10-11 21:56:44'),
	(53, 46, 68, 'Deep Inside Of Me (feat. MKLA)', 'c4873d0686b24c34bcfdc9a3d958d8ae', 230, b'1', '2021-10-11 22:06:50'),
	(54, 47, 47, 'Titans (feat. Sia & Labrinth)', 'be639f5331434dba921543a842137a6f', 199, b'1', '2021-10-11 22:45:36'),
	(55, 48, 72, 'Missing You', 'e1ccd9d2a2d3481db099d8fe9d3de529', 175, b'1', '2021-10-13 18:44:26'),
	(56, 49, 74, 'Takes My Body Higher (feat. Lincoln Jesser)', '7f9f1724c91844cba825045eab864053', 252, b'1', '2021-10-13 19:04:40');
/*!40000 ALTER TABLE `song` ENABLE KEYS */;

CREATE TABLE IF NOT EXISTS `song_artist` (
  `song` bigint(20) NOT NULL,
  `artist` bigint(20) NOT NULL,
  KEY `song_guid` (`song`),
  KEY `artist_guid` (`artist`),
  CONSTRAINT `artist` FOREIGN KEY (`artist`) REFERENCES `user` (`id`) ON DELETE CASCADE ON UPDATE NO ACTION,
  CONSTRAINT `song` FOREIGN KEY (`song`) REFERENCES `song` (`id`) ON DELETE CASCADE ON UPDATE NO ACTION
) ENGINE=InnoDB DEFAULT CHARSET=utf8;

/*!40000 ALTER TABLE `song_artist` DISABLE KEYS */;
INSERT INTO `song_artist` (`song`, `artist`) VALUES
	(1, 50),
	(2, 38),
	(3, 38),
	(3, 10),
	(4, 11),
	(5, 8),
	(6, 8),
	(7, 7),
	(8, 31),
	(8, 58),
	(9, 14),
	(10, 34),
	(11, 35),
	(12, 22),
	(13, 52),
	(14, 53),
	(15, 45),
	(15, 4),
	(16, 33),
	(16, 48),
	(17, 44),
	(18, 44),
	(19, 5),
	(20, 6),
	(20, 47),
	(21, 3),
	(21, 49),
	(21, 24),
	(21, 42),
	(22, 39),
	(22, 55),
	(22, 59),
	(23, 18),
	(23, 15),
	(24, 41),
	(25, 27),
	(26, 46),
	(26, 16),
	(26, 27),
	(26, 21),
	(27, 28),
	(28, 28),
	(29, 43),
	(29, 40),
	(29, 56),
	(30, 57),
	(31, 23),
	(32, 23),
	(33, 29),
	(34, 32),
	(35, 26),
	(35, 54),
	(36, 36),
	(37, 13),
	(37, 5),
	(37, 51),
	(38, 13),
	(39, 12),
	(39, 37),
	(39, 61),
	(39, 62),
	(40, 30),
	(41, 19),
	(36, 26),
	(19, 25),
	(1, 63),
	(7, 9),
	(42, 17),
	(43, 20),
	(43, 2),
	(38, 60),
	(44, 67),
	(45, 71),
	(45, 64),
	(45, 65),
	(45, 66),
	(46, 71),
	(46, 64),
	(46, 65),
	(46, 66),
	(47, 71),
	(47, 64),
	(47, 65),
	(47, 66),
	(48, 71),
	(48, 64),
	(48, 65),
	(48, 66),
	(49, 71),
	(49, 64),
	(49, 65),
	(49, 66),
	(50, 71),
	(50, 64),
	(50, 65),
	(50, 66),
	(51, 43),
	(51, 64),
	(52, 43),
	(52, 64),
	(53, 68),
	(53, 69),
	(53, 70),
	(54, 47),
	(54, 64),
	(54, 66),
	(54, 65),
	(55, 72),
	(56, 74),
	(56, 73);
/*!40000 ALTER TABLE `song_artist` ENABLE KEYS */;

CREATE TABLE IF NOT EXISTS `song_favorite` (
  `user` bigint(20) NOT NULL,
  `song` bigint(20) NOT NULL,
  `created_at` timestamp NULL DEFAULT current_timestamp(),
  KEY `user` (`user`),
  KEY `fav` (`song`),
  CONSTRAINT `fav` FOREIGN KEY (`song`) REFERENCES `song` (`id`) ON DELETE CASCADE,
  CONSTRAINT `user` FOREIGN KEY (`user`) REFERENCES `user` (`id`) ON DELETE CASCADE
) ENGINE=InnoDB DEFAULT CHARSET=utf8;

/*!40000 ALTER TABLE `song_favorite` DISABLE KEYS */;
INSERT INTO `song_favorite` (`user`, `song`, `created_at`) VALUES
	(1, 29, '2021-10-13 00:04:10'),
	(1, 51, '2021-10-13 00:04:11'),
	(1, 52, '2021-10-13 00:04:11'),
	(1, 39, '2021-10-13 00:14:31'),
	(1, 53, '2021-10-13 02:57:51'),
	(1, 44, '2021-10-13 02:57:56'),
	(1, 28, '2021-10-13 02:57:56'),
	(1, 27, '2021-10-13 02:57:57'),
	(1, 26, '2021-10-13 02:57:57'),
	(1, 25, '2021-10-13 02:57:58'),
	(1, 55, '2021-10-13 18:44:39');
/*!40000 ALTER TABLE `song_favorite` ENABLE KEYS */;

CREATE TABLE IF NOT EXISTS `user` (
  `id` bigint(20) NOT NULL AUTO_INCREMENT,
  `email` tinytext NOT NULL,
  `password` tinytext NOT NULL DEFAULT '',
  `firstname` tinytext DEFAULT '',
  `lastname` tinytext DEFAULT '',
  `picture` tinytext DEFAULT '',
  `is_artist` bit(1) DEFAULT b'0',
  `artistic_name` tinytext DEFAULT '',
  `verified_artist` bit(1) NOT NULL DEFAULT b'0',
  `created_at` timestamp NULL DEFAULT current_timestamp(),
  PRIMARY KEY (`id`),
  FULLTEXT KEY `artistic_name` (`artistic_name`)
) ENGINE=InnoDB AUTO_INCREMENT=75 DEFAULT CHARSET=utf8;

/*!40000 ALTER TABLE `user` DISABLE KEYS */;
INSERT INTO `user` (`id`, `email`, `password`, `firstname`, `lastname`, `picture`, `is_artist`, `artistic_name`, `verified_artist`, `created_at`) VALUES
	(1, 'weslei@ramos.com', '$2y$12$oNj3gqFsllb0CaZEBwQ8i.cHbV4T5qcV4vbh/OWFWcpuN1p/CVe7.', 'Weslei', 'Ramos', '2d1987e13cc6418b81c9af08dfbeab34', b'0', '', b'0', '2021-10-10 13:51:22'),
	(2, 'alex@clare.com', '$2y$12$oNj3gqFsllb0CaZEBwQ8i.cHbV4T5qcV4vbh/OWFWcpuN1p/CVe7.', '', '', 'c5d7153944074faa897222d316910830', b'1', 'Alex Clare', b'1', '2021-10-13 13:51:22'),
	(3, 'santti@santti.com', '$2y$12$oNj3gqFsllb0CaZEBwQ8i.cHbV4T5qcV4vbh/OWFWcpuN1p/CVe7.', '', '', '5cce389092a44108bfd4f769a1defb26', b'1', 'Santti', b'1', '2021-10-13 13:51:22'),
	(4, 'dj@gabrieldoborel.com', '$2y$12$oNj3gqFsllb0CaZEBwQ8i.cHbV4T5qcV4vbh/OWFWcpuN1p/CVe7.', '', '', '4a20ca744a9b473d88cdda5d14fcc863', b'1', 'DJ Gabriel do Borel', b'1', '2021-10-13 13:51:22'),
	(5, 'afrojack@afrojack.com', '$2y$12$oNj3gqFsllb0CaZEBwQ8i.cHbV4T5qcV4vbh/OWFWcpuN1p/CVe7.', '', '', 'de58bd9ff10947898ffee83d41a91a1f', b'1', 'Afrojack', b'1', '2021-10-13 13:51:22'),
	(6, 'the@weeknd.com', '$2y$12$oNj3gqFsllb0CaZEBwQ8i.cHbV4T5qcV4vbh/OWFWcpuN1p/CVe7.', '', '', '9c9e27da1190473488228e21a2f02e4f', b'1', 'The Weeknd', b'1', '2021-10-13 13:51:22'),
	(7, 'fred@gustavo.com', '$2y$12$oNj3gqFsllb0CaZEBwQ8i.cHbV4T5qcV4vbh/OWFWcpuN1p/CVe7.', '', '', '3bb3eaeeb2544ed28f68dcfddd43ca6b', b'1', 'Fred & Gustavo', b'1', '2021-10-13 13:51:22'),
	(8, 'henrique@juliano.com', '$2y$12$oNj3gqFsllb0CaZEBwQ8i.cHbV4T5qcV4vbh/OWFWcpuN1p/CVe7.', '', '', 'dacfb9b8abc845c6b6d1c4f418df58b3', b'1', 'Henrique & Juliano', b'1', '2021-10-13 13:51:22'),
	(9, 'wesley@safadão.com', '$2y$12$oNj3gqFsllb0CaZEBwQ8i.cHbV4T5qcV4vbh/OWFWcpuN1p/CVe7.', '', '', '35aaf1da5ee7473fa8ef8035fde68a45', b'1', 'Wesley Safadão', b'1', '2021-10-13 13:51:22'),
	(10, 'moti@moti.com', '$2y$12$oNj3gqFsllb0CaZEBwQ8i.cHbV4T5qcV4vbh/OWFWcpuN1p/CVe7.', '', '', 'bc809ffbf5bd419f820f0b89909ddd6d', b'1', 'MOTi', b'1', '2021-10-13 13:51:22'),
	(11, 'antony@gabriel.com', '$2y$12$oNj3gqFsllb0CaZEBwQ8i.cHbV4T5qcV4vbh/OWFWcpuN1p/CVe7.', '', '', '56d3181a5e6b49199b27a675f2b5da02', b'1', 'Antony & Gabriel', b'1', '2021-10-13 13:51:22'),
	(12, 'calvin@harris.com', '$2y$12$oNj3gqFsllb0CaZEBwQ8i.cHbV4T5qcV4vbh/OWFWcpuN1p/CVe7.', '', '', '9998b83a990149db8e2a334a6fdd78a6', b'1', 'Calvin Harris', b'1', '2021-10-13 13:51:22'),
	(13, 'imanbek@imanbek.com', '$2y$12$oNj3gqFsllb0CaZEBwQ8i.cHbV4T5qcV4vbh/OWFWcpuN1p/CVe7.', '', '', 'b1861cc5899c48c3bd9f3a46a095d73f', b'1', 'Imanbek', b'1', '2021-10-13 13:51:22'),
	(14, 'daft@punk.com', '$2y$12$oNj3gqFsllb0CaZEBwQ8i.cHbV4T5qcV4vbh/OWFWcpuN1p/CVe7.', '', '', 'd6c3a1032a01450b84f936ec2f493a32', b'1', 'Daft Punk', b'1', '2021-10-13 13:51:22'),
	(15, 'skepta@skepta.com', '$2y$12$oNj3gqFsllb0CaZEBwQ8i.cHbV4T5qcV4vbh/OWFWcpuN1p/CVe7.', '', '', '3aa3e689d08e4fd3a9c6b21d6e06e166', b'1', 'Skepta', b'1', '2021-10-13 13:51:22'),
	(16, 'gunna@gunna.com', '$2y$12$oNj3gqFsllb0CaZEBwQ8i.cHbV4T5qcV4vbh/OWFWcpuN1p/CVe7.', '', '', 'edf74c4a1db844d68c7df2e6117a4508', b'1', 'Gunna', b'1', '2021-10-13 13:51:22'),
	(17, 'milton@nascimento.com', '$2y$12$oNj3gqFsllb0CaZEBwQ8i.cHbV4T5qcV4vbh/OWFWcpuN1p/CVe7.', '', '', '65e06b35eb1944be9c6bef9674718530', b'1', 'Milton Nascimento', b'1', '2021-10-13 13:51:22'),
	(18, 'a$ap@rocky.com', '$2y$12$oNj3gqFsllb0CaZEBwQ8i.cHbV4T5qcV4vbh/OWFWcpuN1p/CVe7.', '', '', '8e226c4f7b384245964d9d2daace4a4e', b'1', 'A$AP Rocky', b'1', '2021-10-13 13:51:22'),
	(19, 'baroesda@pisadinha.com', '$2y$12$oNj3gqFsllb0CaZEBwQ8i.cHbV4T5qcV4vbh/OWFWcpuN1p/CVe7.', '', '', '5f513c6ff14c4fd0adc5299d236021a4', b'1', 'Barões da Pisadinha', b'1', '2021-10-13 13:51:22'),
	(20, 'bakermat@bakermat.com', '$2y$12$oNj3gqFsllb0CaZEBwQ8i.cHbV4T5qcV4vbh/OWFWcpuN1p/CVe7.', '', '', 'a5dbaadae0b74491ad442375433fec3f', b'1', 'Bakermat', b'1', '2021-10-13 13:51:22'),
	(21, 'nav@nav.com', '$2y$12$oNj3gqFsllb0CaZEBwQ8i.cHbV4T5qcV4vbh/OWFWcpuN1p/CVe7.', '', '', '53b6e5c9bfb1416c9cecc397887199c1', b'1', 'NAV', b'1', '2021-10-13 13:51:22'),
	(22, 'raí@saiarodada.com', '$2y$12$oNj3gqFsllb0CaZEBwQ8i.cHbV4T5qcV4vbh/OWFWcpuN1p/CVe7.', '', '', '7a3e3342760d4565a053a040fd8718cd', b'1', 'Raí Saia Rodada', b'1', '2021-10-13 13:51:22'),
	(23, 'john@newmann.com', '$2y$12$oNj3gqFsllb0CaZEBwQ8i.cHbV4T5qcV4vbh/OWFWcpuN1p/CVe7.', '', '', '41ee9b75748d45ae8e510ccb0c0ae226', b'1', 'John Newman', b'1', '2021-10-13 13:51:22'),
	(24, 'make@usweat.com', '$2y$12$oNj3gqFsllb0CaZEBwQ8i.cHbV4T5qcV4vbh/OWFWcpuN1p/CVe7.', '', '', '385977a3cf74478c920e2548d8de55c8', b'1', 'Make U Sweat', b'1', '2021-10-13 13:51:22'),
	(25, 'ally@brooke.com', '$2y$12$oNj3gqFsllb0CaZEBwQ8i.cHbV4T5qcV4vbh/OWFWcpuN1p/CVe7.', '', '', '03e313aad82246dc91bb3ff822f97869', b'1', 'Ally Brooke', b'1', '2021-10-13 13:51:22'),
	(26, 'kygo@kygo.com', '$2y$12$oNj3gqFsllb0CaZEBwQ8i.cHbV4T5qcV4vbh/OWFWcpuN1p/CVe7.', '', '', '3fbd40ed82964d6b901e4abbe75934d3', b'1', 'Kygo', b'1', '2021-10-13 13:51:22'),
	(27, 'don@toliver.com', '$2y$12$oNj3gqFsllb0CaZEBwQ8i.cHbV4T5qcV4vbh/OWFWcpuN1p/CVe7.', '', '', '043ea19e53dc468a8a8a23a317b19c13', b'1', 'Don Toliver', b'1', '2021-10-13 13:51:22'),
	(28, 'travis@scott.com', '$2y$12$oNj3gqFsllb0CaZEBwQ8i.cHbV4T5qcV4vbh/OWFWcpuN1p/CVe7.', '', '', '3c01b373f6af44dbbe3dce6d827e414b', b'1', 'Travis Scott', b'1', '2021-10-13 13:51:22'),
	(29, 'portugal@theman.com', '$2y$12$oNj3gqFsllb0CaZEBwQ8i.cHbV4T5qcV4vbh/OWFWcpuN1p/CVe7.', '', '', 'cdeb3b0a03734732ab6dc01be0cb8103', b'1', 'Portugal. The Man', b'1', '2021-10-13 13:51:22'),
	(30, 'arctic@monkeys.com', '$2y$12$oNj3gqFsllb0CaZEBwQ8i.cHbV4T5qcV4vbh/OWFWcpuN1p/CVe7.', '', '', 'a2a505b706ff4c3ca0bbc41ac4941e17', b'1', 'Arctic Monkeys', b'1', '2021-10-13 13:51:22'),
	(31, 'lemaitre@lemaitre.com', '$2y$12$oNj3gqFsllb0CaZEBwQ8i.cHbV4T5qcV4vbh/OWFWcpuN1p/CVe7.', '', '', '40e9608b83b54fc5b1804510ca4912ce', b'1', 'Lemaitre', b'1', '2021-10-13 13:51:22'),
	(32, 'pearl@jam.com', '$2y$12$oNj3gqFsllb0CaZEBwQ8i.cHbV4T5qcV4vbh/OWFWcpuN1p/CVe7.', '', '', '1e6f3661fb3349e693b64400d34a3671', b'1', 'Pearl Jam', b'1', '2021-10-13 13:51:22'),
	(33, 'dr@dre.com', '$2y$12$oNj3gqFsllb0CaZEBwQ8i.cHbV4T5qcV4vbh/OWFWcpuN1p/CVe7.', '', '', '8721e037771e4c138de098543a4f4208', b'1', 'Dr. Dre', b'1', '2021-10-13 13:51:22'),
	(34, 'creedence@clearwaterrevival.com', '$2y$12$oNj3gqFsllb0CaZEBwQ8i.cHbV4T5qcV4vbh/OWFWcpuN1p/CVe7.', '', '', 'ede001f9916d42158d01296dedc03316', b'1', 'Creedence Clearwater Revival', b'1', '2021-10-13 13:51:22'),
	(35, 'junko@ohashi.com', '$2y$12$oNj3gqFsllb0CaZEBwQ8i.cHbV4T5qcV4vbh/OWFWcpuN1p/CVe7.', '', '', 'a268a0a32f144212b17fae799e5f9b09', b'1', 'Junko Ohashi', b'1', '2021-10-13 13:51:22'),
	(36, 'whitney@houston.com', '$2y$12$oNj3gqFsllb0CaZEBwQ8i.cHbV4T5qcV4vbh/OWFWcpuN1p/CVe7.', '', '', '92142caf4bac485690d1f48aaaca0101', b'1', 'Whitney Houston', b'1', '2021-10-13 13:51:22'),
	(37, 'pharrell@williams.com', '$2y$12$oNj3gqFsllb0CaZEBwQ8i.cHbV4T5qcV4vbh/OWFWcpuN1p/CVe7.', '', '', 'e94a0fa92e01465faf9ad352d4f08ce0', b'1', 'Pharrell Williams', b'1', '2021-10-13 13:51:22'),
	(38, 'ava@max.com', '$2y$12$oNj3gqFsllb0CaZEBwQ8i.cHbV4T5qcV4vbh/OWFWcpuN1p/CVe7.', '', '', '9b3284c03b4c42e7a0fbe9c147bd6fb2', b'1', 'Ava Max', b'1', '2021-10-13 13:51:22'),
	(39, 'louis@thechild.com', '$2y$12$oNj3gqFsllb0CaZEBwQ8i.cHbV4T5qcV4vbh/OWFWcpuN1p/CVe7.', '', '', 'e475f657a0bd47d7b91aac0ecb34d59d', b'1', 'Louis The Child', b'1', '2021-10-13 13:51:22'),
	(40, 'martin@garrix.com', '$2y$12$oNj3gqFsllb0CaZEBwQ8i.cHbV4T5qcV4vbh/OWFWcpuN1p/CVe7.', '', '', 'cf7ef5ab3af9470ca7289dbc6be5fb21', b'1', 'Martin Garrix', b'1', '2021-10-13 13:51:22'),
	(41, 'dragonforce@dragonforce.com', '$2y$12$oNj3gqFsllb0CaZEBwQ8i.cHbV4T5qcV4vbh/OWFWcpuN1p/CVe7.', '', '', '12999892884a40d19920123c5d165ba0', b'1', 'DragonForce', b'1', '2021-10-13 13:51:22'),
	(42, 'vic@brow.com', '$2y$12$oNj3gqFsllb0CaZEBwQ8i.cHbV4T5qcV4vbh/OWFWcpuN1p/CVe7.', '', '', 'cd25e45ade434622a7da2343d98a892f', b'1', 'Vic Brow', b'1', '2021-10-13 13:51:22'),
	(43, 'david@guetta.com', '$2y$12$oNj3gqFsllb0CaZEBwQ8i.cHbV4T5qcV4vbh/OWFWcpuN1p/CVe7.', '', '', '27d944292b76458ebe6b24a420b6101d', b'1', 'David Guetta', b'1', '2021-10-13 13:51:22'),
	(44, 'alice@merton.com', '$2y$12$oNj3gqFsllb0CaZEBwQ8i.cHbV4T5qcV4vbh/OWFWcpuN1p/CVe7.', '', '', 'e1a6aff10de944dfbee32a8d1449edd5', b'1', 'Alice Merton', b'1', '2021-10-13 13:51:22'),
	(45, 'mc@pozedorodo.com', '$2y$12$oNj3gqFsllb0CaZEBwQ8i.cHbV4T5qcV4vbh/OWFWcpuN1p/CVe7.', '', '', '4f6b261a65734d10a0a66b127a2d221f', b'1', 'Mc Poze Do Rodo', b'1', '2021-10-13 13:51:22'),
	(46, 'internet@money.com', '$2y$12$oNj3gqFsllb0CaZEBwQ8i.cHbV4T5qcV4vbh/OWFWcpuN1p/CVe7.', '', '', '827d704632a04087bdcf5c6d2854f495', b'1', 'Internet Money', b'1', '2021-10-13 13:51:22'),
	(47, 'major@lazer.com', '$2y$12$oNj3gqFsllb0CaZEBwQ8i.cHbV4T5qcV4vbh/OWFWcpuN1p/CVe7.', '', '', 'baa78dc4c64d4319b358dcb4852cdd50', b'1', 'Major Lazer', b'1', '2021-10-13 13:51:22'),
	(48, 'snoop@dogg.com', '$2y$12$oNj3gqFsllb0CaZEBwQ8i.cHbV4T5qcV4vbh/OWFWcpuN1p/CVe7.', '', '', '139bbb435ce84854a79350dae3ebc979', b'1', 'Snoop Dogg', b'1', '2021-10-13 13:51:22'),
	(49, 'kiko@franco.com', '$2y$12$oNj3gqFsllb0CaZEBwQ8i.cHbV4T5qcV4vbh/OWFWcpuN1p/CVe7.', '', '', 'f7e70fb87b094e2fab96b509823b1951', b'1', 'Kiko Franco', b'1', '2021-10-13 13:51:22'),
	(50, 'avicii@tim.com', '$2y$12$oNj3gqFsllb0CaZEBwQ8i.cHbV4T5qcV4vbh/OWFWcpuN1p/CVe7.', '', '', '5eac2094fd3a4a419f58717cc36a7a72', b'1', 'Avicii', b'1', '2021-10-13 13:51:22'),
	(51, 'gia@koka.com', '$2y$12$oNj3gqFsllb0CaZEBwQ8i.cHbV4T5qcV4vbh/OWFWcpuN1p/CVe7.', '', '', '80b007008fb2445b83abe4ba2eec5e18', b'1', 'Gia Koka', b'1', '2021-10-13 13:51:22'),
	(52, 'cristiano@araújo.com', '$2y$12$oNj3gqFsllb0CaZEBwQ8i.cHbV4T5qcV4vbh/OWFWcpuN1p/CVe7.', '', '', '6169435b8be445f9a4948a1b3b26f596', b'1', 'Cristiano Araújo', b'1', '2021-10-13 13:51:22'),
	(53, 'ednaldo@pereira.com', '$2y$12$oNj3gqFsllb0CaZEBwQ8i.cHbV4T5qcV4vbh/OWFWcpuN1p/CVe7.', '', '', '9f105aa58aea4313b260337262e4fbb7', b'1', 'Ednaldo Pereira', b'1', '2021-10-13 13:51:22'),
	(54, 'zac@brown.com', '$2y$12$oNj3gqFsllb0CaZEBwQ8i.cHbV4T5qcV4vbh/OWFWcpuN1p/CVe7.', '', '', '074764195bcd4162b6d8542b1ca7b060', b'1', 'Zac Brown', b'1', '2021-10-13 13:51:22'),
	(55, 'earthgang@earthgang.com', '$2y$12$oNj3gqFsllb0CaZEBwQ8i.cHbV4T5qcV4vbh/OWFWcpuN1p/CVe7.', '', '', '2622b858979f4d5b9f29b15dc7fb64c2', b'1', 'EARTHGANG', b'1', '2021-10-13 13:51:22'),
	(56, 'brooks@brooks.com', '$2y$12$oNj3gqFsllb0CaZEBwQ8i.cHbV4T5qcV4vbh/OWFWcpuN1p/CVe7.', '', '', 'e198367674e94e2aaed566ae515ffd08', b'1', 'Brooks', b'1', '2021-10-13 13:51:22'),
	(57, 'vin@diesel.com', '$2y$12$oNj3gqFsllb0CaZEBwQ8i.cHbV4T5qcV4vbh/OWFWcpuN1p/CVe7.', '', '', '97cb3e9faaba41d4ac06b591b97d18b4', b'1', 'Vin Diesel', b'1', '2021-10-13 13:51:22'),
	(58, 'stanaj@stanaj.com', '$2y$12$oNj3gqFsllb0CaZEBwQ8i.cHbV4T5qcV4vbh/OWFWcpuN1p/CVe7.', '', '', 'bc05a6080f514a6499c139ea180948ea', b'1', 'Stanaj', b'1', '2021-10-13 13:51:22'),
	(59, 'mndr@mndr@.com', '$2y$12$oNj3gqFsllb0CaZEBwQ8i.cHbV4T5qcV4vbh/OWFWcpuN1p/CVe7.', '', '', '2ad4ccf63e174c8494a0166efeb7f59f', b'1', 'MNDR', b'1', '2021-10-13 13:51:22'),
	(60, 'saint@jhn.com', '$2y$12$oNj3gqFsllb0CaZEBwQ8i.cHbV4T5qcV4vbh/OWFWcpuN1p/CVe7.', '', '', '7ca734cba6e241199069da1f5a8d2846', b'1', 'SAINt JHN', b'1', '2021-10-13 13:51:22'),
	(61, 'katy@perry.com', '$2y$12$oNj3gqFsllb0CaZEBwQ8i.cHbV4T5qcV4vbh/OWFWcpuN1p/CVe7.', '', '', '0ec93f718c424015b0e731f61a24e76b', b'1', 'Katy Perry', b'1', '2021-10-13 13:51:22'),
	(62, 'big@sean.com', '$2y$12$oNj3gqFsllb0CaZEBwQ8i.cHbV4T5qcV4vbh/OWFWcpuN1p/CVe7.', '', '', '154ee0c37e114d05ab29e85b4acb99e3', b'1', 'Big Sean', b'1', '2021-10-13 13:51:22'),
	(63, 'joe@janiak.com', '$2y$12$oNj3gqFsllb0CaZEBwQ8i.cHbV4T5qcV4vbh/OWFWcpuN1p/CVe7.', '', '', '9aa02b4177bd47f3a7bf47ff489aa501', b'1', 'Joe Janiak', b'1', '2021-10-13 13:51:22'),
	(64, 'sia@sia.com', '$2y$12$CqksFmQYIYmXWkL54VAey.ck1LP.jFa5/LewI0HOvZ2CEtujqqqvm', 'Sia Kate', 'Isobelle Furler', '7a06b56cf06d4d2ca55fe0c3c5225fb3', b'1', 'Sia', b'1', '2021-10-13 13:51:22'),
	(65, 'labrinth@labrinth.com', '$2y$12$4T3k59bMcAjGaLSBd/jgI.Vgou8teaDkR9XxOIv7eQ43PIXXv1Qui', 'Timothy Lee', 'McKenzie', 'a3d2245905d440dbb1ece72d5d8f7679', b'1', 'Labrinth', b'1', '2021-10-13 13:51:22'),
	(66, 'diplo@diplo.com', '$2y$12$w4o12g1F1zGlc60HTpMGseDOfazzVcRXIN8oja20ginwxGN5fx5f6', 'Thomas Wesley', 'Pentz', 'fab5fb62dcee49b896461e43109a060e', b'1', 'Diplo', b'1', '2021-10-13 13:51:22'),
	(67, 'coolio@coolio.com', '$2y$12$Uq/G5TdLzFU4ZwELDE0YtejDTb/I/2yEPWiNzgDVEbbkPCb.7BCp2', 'Artis Leon', 'Ivey Jr.', 'ac4fa078921f48958607ce72eafafaa8', b'1', 'Coolio', b'1', '2021-10-13 13:51:22'),
	(68, 'vintage@culture.com', '$2y$12$2DDNcDIuaJl0Iv74GkDrDOeXMqfcK4mKA3xhbqE13SqLx3VSAnjfy', 'Lukas Ruiz', 'Hespanhol', '4af4bd5bf81645e89e9330c6a8bd1078', b'1', 'Vintage Culture', b'1', '2021-10-13 13:51:22'),
	(69, 'mkla@mkla.com', '$2y$12$dHLqHE6ygwZO5/8dASg2UeiOYdsjJHviSYLTgGwNBTvn0Jg31TBQi', 'Michaela Rene', 'Osborne', '1dea3914b84c4484b08d1bead1239aef', b'1', 'MKLA', b'1', '2021-10-13 13:51:22'),
	(70, 'adam@k.com', '$2y$12$Lp3mA2ND1P7zAHw9HDXh4.wLLmS4vGsf9WiVWL3uVLb9EuIY7S/LK', 'Adam', 'Kershen', '15bab26c5b9044858c45cf68e2cd7791', b'1', 'Adam K', b'1', '2021-10-13 13:51:22'),
	(71, 'lsd@lsd.com', '$2y$12$clDI8/bhPTSsvuIF9hIVguQZvH0L68dnQVNB9Or.HLXoSj9yEp2j6', 'LSD', '', 'd4113b73d4e84210ac1cae61dce86f3a', b'1', 'LSD', b'1', '2021-10-13 13:51:22'),
	(72, 'mesto@mesto.com', '$2y$12$DC.1Gd8AwSEx9CBdnWIAxe8Gl8828kxrfDXrx6PkCl.erIsgKSN6G', 'Melle', 'Stomp', 'f19bf38653824a66bd0615c3b3cff9cb', b'1', 'Mesto', b'1', '2021-10-13 18:40:52'),
	(73, 'lincoln@jesser.com', '$2y$12$tu3oej4lxj9BVmV.aksvgudLQFrGtUL8DWW0eJy5xaKvCAfX2axM2', 'Lincoln', 'Jesser', 'c2c78c96ae3f47199da18d94ae0706fe', b'1', 'Lincoln Jesser', b'1', '2021-10-13 18:59:06'),
	(74, 'shoffy@shoffy.com', '$2y$12$PCluBreGQHb6mYw36Iet1.wsSpYPkYY9eu5ZpfLBD4kum9wCp.nCG', 'Alex', 'Shofler', '7dbc186889cd4db89db28daa2243729e', b'1', 'Shoffy', b'1', '2021-10-13 19:00:56');
/*!40000 ALTER TABLE `user` ENABLE KEYS */;

/*!40101 SET SQL_MODE=IFNULL(@OLD_SQL_MODE, '') */;
/*!40014 SET FOREIGN_KEY_CHECKS=IF(@OLD_FOREIGN_KEY_CHECKS IS NULL, 1, @OLD_FOREIGN_KEY_CHECKS) */;
/*!40101 SET CHARACTER_SET_CLIENT=@OLD_CHARACTER_SET_CLIENT */;
